Codigo,Nome,Ementa
ADM0023,INTRODUÇÃO À ADMINISTRAÇÃO - 60h,"Conceitos de Administração. As finalidades da Administração. Administração e as organizações. Evolução do pensamento e da Teoria Administrativa. Abordagem crítica do pensamento administrativo. Funções da Administração: planejamento, organização, execução, liderança e controle. Áreas funcionais da Administração. Papéis, competências e atuação profissional em administração. Administração no contexto brasileiro. Administração na sociedade contemporânea. Ética e Diversidade nas organizações."
ADM0025,ORGANIZACAO E SISTEMAS - 60h,"DESENVOLVER A CAPACIDADE DE ANALISE, APRECIACAO CRITICA E SISTEMATI-ZACAO DAS PRINCIPAIS CONTRIBUICOES TEORICAS PARA O ENTENDIMENTO DASORGANIZACOES COMO UNIDADES SOCIAIS E PRATICAS RELACIONADAS AO CAMPO DEESTUDO. ENFATIZAR-SE-A A PARTICIPACAO ATIVA DOS PARTICIPANTES, MEDIANTEDISCUSSAO DE TEXTOS E EXAME DE EXPERIENCIAS PROFISSIONAIS E LUZ DE TEO-RIAS ESTUDADAS."
ADM0064,ADMINISTRAÇÃO DE MARKETING - 60h,Fundamentos e conceitos de marketing. Marketing Estratégico. Marketing Tático. Marketing Administrativo. Planejamento em Marketing. Ética.
ADM0070,GOVERNO E ADMINISTRACAO NO BRASIL - 60h,"ORIGENS DO GOVERNO E DA ADMINISTRACAO PUBLICA NO BRASIL. A ORGA- NIZACAO DOS PODERES. ESTADO E GOVERNO. FUNDAMENTOS, PRINCIPIOS E FUN- COES DO SETOR PUBLICO. ESTRUTURA E FUNCIONAMENTO. FATORES CULTURAIS E SUA INTERFERENCIA NA ADMINSTRACAO. A MODERNIZACAO DO ESTADO. CONCENTRA- CAO E DESCONCENTRACAO FEDERAL, ESTADUAL E MUNICIPAL."
ADM0092,ADMINISTRAÇÃO DA PRODUÇÃO E OPERAÇÕES - 60h,"Introdução à Administração de Produção estratégia de produção e operações pesquisa e desenvolvimento de produtos, serviços e processos métodos e organização do trabalho sistemas de planejamento e controle da produção e operações gestão da qualidade ética e gestão socioambiental."
BOT0004,INTRODUCAO A ANATOMIA VEGETAL - 60h,ESTRUTURAS CARACTERISTICAS DA CECULA VEGERAL. TECIDOS SIMPLES E COM-PLEXOS. ANATOMIA DOS ORGAOS VEGETATIVOS E REPRODUTIVOS. ESTRUTURAS PRI-MARIA E SECUNDARIA. VARIACOES ESTRUTURAIS LIGADAS AO AMBIENTE.
BOT0006,ANATOMIA DAS MADEIRAS - 60h,ANATOMIA COMPARADA DE MADEIRA DE ANGIOSPERMAS E GIMNOSPERMAS IDENTI-FICACAO MICROSCOPICA E MACROSCOPICA DAS MADEIRAS. INTRODUCAO AS PROPRIE-DADES FISICAS E QUIMICAS DAS MADEIRAS. CONHECIMENTO DAS ESTRUTURASANATOMICAS DAS MAEDEIRAS APLICADA A TECNOLOGIA. QUALIFICACAO DE MADEIRASNATIVAS PARA PRODUCAO DE ENERGIA. TECNICAS APLICADAS AO ESTUDO ANATOMICODAS MADEIRAS.
BOT0020,MORFOLOGIA E TAXONOMIA DAS CRIPTOGAMAS - 60h,ESTRUTURAS CARACTERISTICAS DA CECULA VEGERAL. TECIDOS SIMPLES E COM-PLEXOS. ANATOMIA DOS ORGAOS VEGETATIVOS E REPRODUTIVOS. ESTRUTURAS PRI-MARIA E SECUNDARIA. VARIACOES ESTRUTURAIS LIGADAS AO AMBIENTE.
BOT0021,MORFOLOGIA E TAXONOMIA DAS FANEROGAMAS - 90h,"INTRODUCAO A BOTANICA. PRINCIPIOS TAXONOMICOS, MORFOLOGIA. SISTE- MATICA, ECOLOGIA E IMPORTANCIA ECONOMICA DAS PLANTAS ANGIOSPERMAS E GI- MNOSPERMAS."
BOT0042,ANATOMIA VEGETAL - 60h,"DESENVOLVIMENTO DAS PLANTAS COM SEMENTES. DIFERENCIACAO, ESPECIALIZA-CAO E MORFOGENESE. CELULA VEGETAL COMPONENTES PROTOPLASMATICOS E NAOPROTOPLASMATICOS. PAREDE CELULAR. MARISTEMA APICAL E LATERAL. TECIDOSSIMPLES E COMPLEXOS. CELULAS DE TRANSFERENCIA. ESTRUTURAS SECRETORAS.ANATOMIA DOS ORGAOS VEGETATIVOS E REPRODUTIVOS. ESTRUTURAS PRIMARIA ESECUNDARIA DAS RAIZES E DOS CAULES. ESTRUTURA BASICA E DESENVOLVIMENTODA FOLHA. VARIACOES ESTRUTURAIS DA FOLHA RELACIONADAS COM O HABITAL. ES-TRUTURA KRANZ. ESTRUTURA E DESENVOLVIMENTO DA FLOR, DO FRUTO E DA SEMEN-TE. EMBRIAO E PLANTULA."
BOT0044,ORGANOGRAFIA E SISTEMÁTICA FANEROFÍTICA - 60h,"Morfologia das partes vegetativas: raiz, caule e folhas. Morfologia das partes reprodutivas: flores e frutos. Classificação das gimnospermas. Classificação das angiospermas. Noções das grandes famílias botânicas. Identificação de espécies. Coleta e herborização."
BOT0049,MORFOLOGIA VEGETAL - 60h,IDENTIFICACAO DAS PRINCIPAIS FAMILIAS DE DICOTILEDONEAS DO DISTRI-TO FEDERAL. PRINCIPIOS TAXONOMICOS. MONOGRAFIA TAXONOMICA. CONFECCAO EUSO DE CHAVES. NOMENCLATURA BOTANICA. COLETA E PRENSAGEM IDEAL.
CIC0007,INTRODUÇÃO À CIÊNCIA DA COMPUTAÇÃO - 60h,Ementa1. Introdução2. Pensamento Computacional3. Variáveis e entrada de dados4. Estruturas Condicionais5. Estruturas de Repetição6. Estrutura de dados - agregados homogêneos7. Funções/Procedimentos8. Estrutura de dados - agregados heterogêneos9. Arquivos10. Bibliotecas
CIC0142,INFORMATICA E SOCIEDADE - 30h,"FUNDAMENTOS DE SOCIEDADE, INFORMATICA E CONHECIMENTO TECNICO-CIEN-TIFICO DESENVOLVIMENTO TECNOLOGICO, APLICACOES E PERSPECTIVAS DA INFOR-MATICA IMPACTOS DA TECNOLOGIA DE INFORMATICA INFORMATICA NO BRASIL."
DEG0200,ATIVIDADE COMPLEMENTAR - 15h,Atividade complementar de 15 horas
DEG0201,ATIVIDADE COMPLEMENTAR - 30h,Atividade complementar de 30 horas
DEG0202,ATIVIDADE COMPLEMENTAR - 45h,Atividade complementar de 45 horas
DEG0203,ATIVIDADE COMPLEMENTAR - 60h,Atividade complementar de 60 horas
DEG0205,ATIVIDADE COMPLEMENTAR - 90h,Atividade complementar de 90 horas
DEG0206,ATIVIDADE COMPLEMENTAR - 120h,Atividade complementar de 120 horas
DEG0207,ATIVIDADE COMPLEMENTAR - 150h,Atividade complementar de 150 horas
DEG0208,ATIVIDADE COMPLEMENTAR - 180h,Atividade complementar de 180 horas
DEG0209,ATIVIDADE COMPLEMENTAR - 210h,Atividade complementar de 210 horas
DPG0690,INTRODUÇÃO À EXPLORAÇÃO OFFSHORE - 30h,Esta disciplina visa introduzir o aluno ao contexto da exploração offshore de maneira a fornecer conhecimento introdutório sobre as diferentes fases deste processo. Em um primeiro momento são apresentados os procedimentos e equipamentos automatizados necessários a perfuração e preparação do poço para a produção e em segundo momento são apresentados os procedimentos e equipamentos automatizados necessários para a produção do petróleo em alto mar.
ECL0042,MEIO AMBIENTE FÍSICO E ECOSSISTEMAS - 60h,"O meio ambiente físico Interdependência dos seres vivos e do meio ambiente Características dos diferentes ambientes Adaptação aos ambientes aquáticos e terrestres Clima, topografia e solos Fluxo de energia e ciclagem dos nutrientes nos ecossistemas."
ECO0050,CONTABILIDADE NACIONAL - 60h,"A Contabilidade Nacional é entendida como uma técnica por meio da qual são sistematizadas as informações relevantes sobre os vários tipos de transação realizadas, em um dado período de tempo, entre os diversos agentes de um sistema econômico. Apesar de ser um curso voltado para a mensuração de variáveis econômicas, evitar-se-á a transformá-lo em um exercício empiricista. É essencial enfatizar a dependência da escolha das convenções da Contabilidade Nacional em relação às questões especificas que economistas investigam e as hipóteses de trabalho especiais que eles usam durante o processo de chegar as respostas. Consequentemente, mostra-se a cada etapa do curso a relação entre a imagem da economia que emerge dos quadros das contas nacionais e os principais conceitos da teoria macroeconômica."
ECO0061,ECONOMIA REGIONAL - 60h,"O ESTUDO DE ECONOMIA REGIONAL TEM COMO OBJETIVO INTRODUZIR O CONHE-CIMENTO DE PROBLEMAS ECONOMICOS RELACIONADOS COM A DINAMICA ESPACIAL,DA-SE ENFASE, ESPECIALMENTE AOS DESEQUILIRIOS REGIONAIS QUE SURGEM COM OPROCESSO DO CRESCIMENTO ECONOMICO E EM QUE MEDIDA ESSE ESTUDO SE TORNAUTIL PARA SOLUCINAR OS PROBLEMAS SURGIDOS COM AS DESIGUALDADES REGIO-NAIS. UMA PARTE DO CURSO E DEDICADA A PROBLEMAS BRASILEIROS."
ECO0072,ECONOMIA BRASILEIRA - 60h,"Objetiva-se no curso estudar a Economia Brasileira de 1930 ao tempo presente. Estudam-se Agricultura, Indústria, Comércio Exterior, Políticas Monetária e Fiscal, Inflação, Relações intersetoriais e regionais para cada subperíodo."
EFL0010,INICIACAO A ENGENHARIA FLORESTAL - 15h,"A DISCIPLINA VISA OFERECER AOS INICIANTES DO CURSO DE ENGENHARIA FLORESTAL UM CONHECIMENTO GERAL DO SEU FUNCIONAMENTO, ASSIM COMO, DA FUTURA PROFISSAO."
EFL0044,TECNOLOGIA DE PRODUTOS FLORESTAIS - 60h,Perfil do Setor Industrial florestal brasileiro. Lâminas de madeira.Produção de Compensado. Adesão e Adesivos. Produção de chapas de madeira aglomerada. OSB.Produção de chapas de fibras. MDF. Produção de chapas madeira cimento. Resinagem. Óleos essenciais. Noções de celulose e papel. Noções de carvão vegetal. Noções de móveis. Viga laminada.
EFL0049,TECNOLOGIA DA MADEIRA - 60h,"FORMAÇÃO DO TRONCO: PAREDE CELULAR CRESCIMENTO DA ÁRVORE PROPRIEDADES FÍSICAS: MASSA ESPECÍFICA, TEOR DA UMIDADE, RETRATIBILIDADE PROPRIEDADES MECÂNICAS: FLEXÃO ESTÁTICA, COMPRESSÃO, TRAÇÃO, DUREZA, CISALHAMENTO, FENDILHAMENTO NOÇÕES DE QUÍMICA DA MADEIRA: LIGNINA, CELULOSE, POLIOSES, EXTRATIVOSPROPRIEDADES ESPECIAIS: TÉRMICA, ELÉTRICA E ACUSTICA."
ENC0035,INTRODUÇÃO À MECÂNICA DOS SÓLIDOS - 60h,Geometria das massas. Equilíbrio: partícula e corpo rígido. Forças internas (vigas). Tensões. Deformações. Propriedades Mecânicas. Cargas axiais. Flexão. Cisalhamento.
ENC0037,TRANSFERÊNCIA DE ENERGIA E MASSA - 75h,"1) Mecânica dos fluidos
1.1) Propriedades dos fluidos
1.2) Estática dos fluidos - manometria, forças em superfícies planas e curvas,
empuxo, estabilidade de corpos submersos e flutuantes
1.3) Estudo dos fluidos em movimento - tipos de escoamento, conceitos de sistema
e volume de controle, conservação de massa, equação de energia e suas aplicações,
equação de Bernoulli, linhas de gradiente de energia, equação da quantidade de
movimento e suas aplicações
1.4) Análise dimensional e semelhança dinâmica
1.5) Escoamentos internos - efeitos de viscosidade, escoamentos laminar e
turbulento, perdas distribuídas e localizadas, escoamento permanente à superfície
livre.
1.6) Máquinas de fluxo - teoria, diagrama de velocidades, equações teóricas das
máquinas, aplicações simples de curvas de bombas 3 curvas de sistema
1.7) Escoamentos externos
1.8) Escoamento de fluidos compressíveis
2) Transferência de massa
2.1) Difusão molecular e difusividade
2.2) Transferência de massa por convecção e difusão turbulenta
3) Transmissão de calor."
ENC0053,DESENHO TECNICO - 60h,"Sistemas de projeção sistemas de representação esboços à mão livre e perspectivas escalas introdução à computação gráfica modelamento 3D em computador fundamentos da linguagem VRML modeladores 3D cortes e seções introdução à fotogrametria cotagem normas técnicas fundamentos do projeto arquitetônico projeto arquitetônico em 3D.(Disciplina comum a vários cursos, porém com turmas específicas para cada curso. Ementa comum, com abordagem específica e trabalho de prático final diferenciado para cada curso.)"
ENC0054,GEOMETRIA DESCRITIVA - 60h,"Estudos do ponto, da reta e do plano. Paralelismo e perpendicularismo entre retas e pontos. Métodos descritivos: mudança de planos, rotação, rebatimento e alçamento. Problemas métricos: distâncias e ângulos entre elementos geométricos. Representação de poliedros e sólidos de revolução. Seção plana em poliedros e sólidos de revolução"
ENC0132,MECANICA DOS SOLIDOS 1 - 60h,Resumo de cálculo vetorial. Geometria das massas. cinemática: vínculos e graus de liberdade necanismos simples. Estática: método do equilíbrio: esforços seccionais: definição. Linhas de estado de vigas e pórticos isostáticos simples.Treliças simples e compostas: método de Ritter e Cremona. Método dos trabalhos virtuais: aplicações a determinação de esforços e linhas de influência de estruturas isostáticas. Dinâmica dos corpos rígidos: 2a. lei de Newton teorema do movimento do centro de massa esforços de origem dinâmica em elementos de mecanismos em movimento.
ENC0166,HIDROLOGIA APLICADA - 60h,"Ciclo hidrológico. Bacia hidrográfica. Medidas climatológicas. Precipitação. Infiltração. Evaporação e transpiração. Fluviometria. Escoamento superficial. Águas subterrâneas - fluxo, técnicas de localização e prospecção de aquíferos, hidráulica de poços. Estatística aplicada. Regularização de vazões e controle de cheias. Técnicas de previsão de cheias e secas."
ENC0267,CARTOGRAFIA E GEOPROCESSAMENTO APLICADO - 60h,"Cartografia básica e temática: Representação cartográfica base de dados cartográficos cartas de inventário, diagnóstico e prognóstico. Introdução ao geoprocessamento: geocodificação tratamento de dados espaciais. Sistemas de informações geográficas: Componentes e funcionalidades de um SIG Modelagem de dados. Noções de topografia: Levantamentos topográficos, planimétricos e altimétricos Noções de geodésia. Introdução ao sensoriamento remoto: Conceitos radiométricos básicos Comportamento espectral de alvos Níveis de aquisição de dados Processamento digital de imagens."
ENC0274,ESTATÍSTICA APLICADA À ENGENHARIA AMBIENTAL - 60h,"Fundamentos da Probabilidade e Estatística na Engenharia. Teoria da probabilidade. Estatística descritiva. Inferência estatística. Regressão e Correlação. Análise multivariada. Aplicações em engenharia ambiental: controle de qualidade e planejamento de experimentos, tendências em séries temporais de precipitação e temperatura, eventos extremos de seca e cheias, análise de risco ambiental, sistemas multidimensionais, análise e previsão de variáveis hidroclimatológicas."
ENE0001,ELETRICIDADE BÁSICA - 60h,Circuitos elétricos. Circuitos monofásicos e trifásicos de corrente alternada em regime permanente senoidal. Transformadores. Máquinas elétricas. Instalações elétricas de luz e força. Segurança em instalações e serviços em eletricidade.
ENE0002,LABORATÓRIO DE ELETRICIDADE BÁSICA - 30h,Circuitos elétricos. Instalações elétricas. Acionamento de máquinas elétricas.
ENE0013,ALGORITMOS E ESTRUTURA DE DADOS - 60h,Desenvolvimento sistemático de algoritmos. Algoritmos triviais em soluções computacionais. Conceitos de elaboração e teste de algoritmos. Conceitos de modularidade e refinamentos sucessivos. Estruturas de dados homogêneas e heterogêneas. Introdução às estruturas de dados estáticas e dinâmicas (ponteiros). Desenvolvimento de algoritmos de ordenação e busca. Complexidade computacional. Aplicações de algoritmos e estrutura de dados em problemas de redes de comunicação e na computação de dados.
ENE0066,INTRODUÇÃO AOS CIRCUITOS ELÉTRICOS - 30h,Conceitos básicos.Lei de Ohm.Leis de Kirchhoff.Circuitos resistivos.Técnicas de análise nodal e de laço.Amplificadores Operacionais.Princípio da superposição.Teoremas de Thévenin e de Norton.
ENE0067,SINAIS E SISTEMAS EM TEMPO CONTÍNUO - 60h,Sinais e sistemas. Análise no domínio do tempo de sistemas de tempo contínuo. Análise de sistemas de tempo contínuo usando a transformada de Laplace. Análise de sinais periódicos de tempo contínuo: a série de Fourier. Análise de sinais aperiódicos de tempo contínuo: a transformada de Fourier. Análise no espaço de estados de sistemas de tempo contínuo.
ENE0172,CIRCUITOS ELETRICOS 1 - 90h,Conceitos básicos. Circuitos resistivos. Técnicas de análise nodal e de malhas. Técnicas adicionais de análise. Capacitância e indutância. Análise de circuitos de primeira e segunda ordens. Análise de circuitos em regime permanente senoidal. Análise de potência em regime permanente senoidal.
ENE0229,INSTALAÇÕES ELETRICAS - 90h,Conceitos básicos.Lei de Ohm.Leis de Kirchhoff.Circuitos resistivos.Técnicas de análise nodal e de laço.Amplificadores Operacionais.Princípio da superposição.Teoremas de Thévenin e de Norton.
ENE0243,ELETRICIDADE - 90h,"ANALISE DE CIRCUITOS EM REGIME PERMANENTE. REPRESENTACAO FASORIAL DE SENOIDES: VOLOR MEDIO E VALOR EFICAZ. POTENCIA E SUA CORRECAO. MEDI- DAS DE TENSOES, CORRENTES, RESISTENCIA. MEDIDA DE POTENCIA. CONTROLE DE MOTORES ELETRICOS. CIRCUITOS COM INTERVAMENTO. CIRCUITOS COM TEMPORIZA- CAO. DINAMICA DOS ACIONAMENTOS COM MOTORES ELETRICOS. AQUECIMENTO, VEN- TILACAO E REGIMES DE SERVICO DE MOTORES ELETRICOS. ESCOLHA DE MOTORES ELETRICOS."
ENE0273,PLANEJAMENTO ENERGETICO - 60h,INFLUÊNCIA DA EVOLUÇÃO DA SOCIEDADE NO CONSUMO DE ENERGIA. FONTES DE ENERGIA. ENERGIA VERSUS ECOLOGIA. ANÁLISE ECONÔMICA DAS OPÇÕES ENERGÉTICAS. EVOLUÇÃO DA SOCIEDADE EM FUNÇÃO DO PLANEJAMENTO ENERGÉTICO. ALTERNATIVAS ENERGÉTICAS PARA O BRASIL.
ENE0274,FUNDAMENTOS DE REDES - 60h,Princípios de Telecomunicações Introdução às Redes de Comunicação e à Internet Pilhas de Protocolos e seus modelos de serviços Camada de Aplicação Camada de Transporte Camada de Rede Camada de Enlace.
ENE0289,CIRCUITOS POLIFASICOS - 60h,"CIRCUITOS POLIFASICOS, VALORES PERCENTUAIS E POR-UNIDADE, COMPO- NENTES SIMETRICAS, CALCULO DE CURTO-CIRCUITOS SIMETRICOS, CALCULO DE CURTO-CIRCUITOS ASSIMETRICOS."
ENE0304,CIRCUITOS ELÉTRICOS - 60h,Capacitância e indutância.Análise de circuitos de 1ª e 2ª ordem.Análise de circuitos em regime permanente senoidal.Potência em regime permanente senoidal.Circuitos com acoplamento magnético.Desempenho dos circuitos em função da frequência.Aplicação da transformada de Laplace na análise de circuitos.Aplicação das séries e da transformada de Fourier na análise de circuitos.Quadripolos.
ENE0334,COMPUTACAO PARA ENGENHARIA - 60h,"Construção de algoritmos e sua representação em pseudocódigo e linguagens de alto nível. Princípios de programação procedimental. Tipos de dados. Operadores. Estruturas de controle. Modularização e funções. Coleções de dados (arranjos, registros). Operações de entrada e saída. Ponteiros. Implementação de programas computacionais em linguagem de programação de alto nível. Princípios e boas práticas de codificação, teste, depuração e documentação."
ENM0002,INTRODUÇÃO À EXPLORAÇÃO DE PETRÓLEO EM ALTO MAR - 30h,
ENM0027,TECNOLOGIAS DE COMANDO NUMERICO - 60h,"CONCEITUAÇÃO DE UM SISTEMA DE COMANDO NUMÉRICO## => PRINCÍPIOS DE FUNCIONAMENTO## => SISTEMAS DE ACIONAMENTO## => CONTROLE DE POSIÇÃO, ARMAZENAMENTO DAS INFORMAÇÕES, ETC## => EQUIPAMENTOS QUE UTILIZAM SISTEMAS DE COMANDO NUMÉRICO## => DIVERSOS TIPOS DE APLICAÇÕES## => CARACTERÍSTICAS PECULIARES DOS COMPONENTES MECÂNICOS EELETRÔNICOS## => NOÇÕES DE INTERLIGAÇÃO ENTRE DIVERSOS EQUIPAMENTOS E COMSISTEMAS DE INFORMAÇÃO## => PROGRAMAÇÃO MANUAL## => PROGRAMAÇÃO ASSISTIDA POR COMPUTADOR## => APT CAD/CAM."
ENM0068,TERMODINAMICA 1 - 60h,A Estrutura lógica da termodinâmica clássica. Conceitos Básicos. A primeira lei da termodinâmica. A segunda Lei da termodinâmica. Processos reversíveis e potenciais termodinâmicos. Sistemas especiais. Aplicações a máquinas térmicas.
ENM0071,TRANSFERENCIA DE CALOR - 90h,"Proporcionar conhecimento teóricos e aplicados sobre os fundamentos da transferência de calor por condução, convecção e radiação."
ENM0072,INSTALACOES TERMOMECANICAS 1 - 60h,TROCADORES DE CALOR COM E SEM MUDANCA DE FASE. CICLO DE REFRIGERACAOPOR COMPRESSAO DE VAPOR. COMPONENTES E CONTROLES DE SISTEMAS DE REFRIGE-RACAO. PSICROMETRIA. TORRES DE RESFRIAMENTO E CONDENSADORES EVAPORATI-VOS. CALCULO DE CARGA TERMICA. CAMARAS FRIGORIFICAS. PROJETO DE SISTEMASDE REFRIGERACAO.
ENM0080,FENOMENOS DE TRANSPORTE - 75h,"Mecânica dos fluidos: Propriedades dos fluidos Estática dos fluidos -manometria, forças em superfícies planas e curvas, empuxo, estabilidade decorpos submersos e flutuantes Estudo dos fluidos em movimento - tipos deescoamento, conceitos de sistema e volume de controle, conservação de massa,equação de energia e suas aplicações, equação de Bernoulli, linhas de gradientede energia, equação da quantidade de movimento e suas aplicações Análisedimensional e semelhança dinâmica Escoamentos internos - efeitos deviscosidade, escoamentos laminar e turbulento, perdas distribuídas e localizadas,escoamento permanente à superfície livre Máquinas de fluxo - teoria, diagramade velocidades, equações teóricas das máquinas, aplicações simples de curvas debombas e curvas de sistema Escoamentos externos Escoamento de fluidoscompressíveis. Transferência de massa: Difusão molecular e difusividadeTransferência de massa por convecção e difusão turbulenta. Transmissão decalor."
ENM0082,MECANICA DOS FLUIDOS 2 - 75h,Cinemática de Escoamentos. Escoamento Invíscido Incompressível. Formulação Diferencial da Equação do Movimento. Escoamento Laminar Viscoso Incompressível: Soluções Exatas. Fundamentos e Aplicações da Teoria da Camada Limite.
ENM0090,MATERIAIS DE CONSTRUCAO MECANICA 1 - 90h,V 01. NOCOES SOBERE PROPRIEDADES E COMPORTAMENTOS DE MATERIAIS. 02. LIGACOES QUIMICAS QUE INTERESSAM A CIENCIA DOS MATEIRAIS. 03. ORDENACAO ATOMICA NOS SOLIDOS 04. DESORDEM ATOMICA NOS SOLIDOS 05. METAIS MONOFASICOS 06. FASES MOLECULARES 07. MATERIAIS CERAMICOS 08. MATERIAIS POLIFASICOS: DIAGRAMAS DE EQUILIBRIO. DIAGRAMA FERRO-CER- BONO. 09. METALURGIA DO PO 10. LABORATORIO: ENSAIOS MECANICOS
ENM0120,MECANICA 1 - 60h,"INTRODUCAOCONCEITOS BASICOSEQUILIBRIO DE CORPOS RIGIDOS EQUILIBRIO DE ESTRUTURAS ESFORCOS INTERNOS PRINCIPIOS DOS TRABALHOS VIRTUAIS E ENERGIA POTENCIAL FUNDAMENTOS DE ESTABILIDADE TRACAO EM BARRAS APLICACOES COMPUTACIONAIS E EXPERIMENTAIS. * objetivos da disciplinas: Desenvolver no aluno a capacidade de analisar e resolver problemas com base no estudo das forças e seus efeitos, aplicado na solução destes problemas alguns conceitos básicos e princípios fundamentais da física e, em particular, da mecânica dos corpos rígidos, dentro do âmbito da estática e tendo em vista a aplicação na engenharia."
ENM0121,MECANICA 2 - 60h,INTRODUÇÃO CONCEITOS BÁSICOS MÉTODOS DE ENERGIA CINEMÁTICA DE CORPOS RÍGIDOSDINÂMICA DOS SISTEMAS DE PARTÍCULASDINÂMICA DECORPOS RÍGIDOS APLICAÇÕES EXPERIMENTAIS E COMPUTACIONAIS.
ENM0122,PROJETO DE MAQUINAS 1 - 60h,"Estudar as características de diversos tiposde elementos de máquina, visando o dimensionamento desses elementos contra falhas estáticas e dinâmicas."
ENM0123,PROJETO DE MAQUINAS 2 - 60h,"PROJETO CONJUNTOS MECANICOS ENVOLVENDO: (a) LUBRIFICACAO MANCAIS DE DESLIZAMENTO DIMENSIONAMENTO E/OU SELECAO DE : (b) COLUNAS E PARAFUSOS DE ACIONAMENTO (c) UNIOES (d) MOLAS (e) EMBREAGENS, FREIOS E VOLANTES"
ENM0124,PROJETO DE SISTEMAS MECANICOS - 60h,"Introduzir o estudante ao projeto de engenharia como a atividade síntese do profissão de engenheiro mecânico integrar os conhecimento e as habilidades técnicas adquiridas ao longo do curtso de graduação na solução de problemas, por meio do desenvolvimentoo de um tema real de projeto apresentar os fundamentos metodológicos do processo de projeto e de solução de problemas desenvolver a habilidade de geração de empreender a identificação , formulação e solução de problemas desenvolver a habilidade de geração de novas soluções para problemas de engenharia , por meio da análise, síntese e otimização de sistemas mecânicos promover a interdisciplinariedade desenvolver a capacidade de comunicação técnica, escrita e oral desenvolver a capacidade de pensamento crítico independente, investigação racional e auto-aprendizagem desenvolver a capacidade de trabalho em equipe promover a compreensão das responsabilidades sociais, culturais e ambientais do engenheiro profissional e a necessidade do desenvolvimento sustentável Abertura à novas idéias."
ENM0127,TECNOLOGIA DE FABRICACAO 1 - 45h,"PROCESSOS DE FABRICAÇÃO COM REMOÇÃO DE MATERIAS.FUNCIONAMENTOE OPERAÇÃO DAS MÁQUINAS FERRAMENTAIS. FATORES QUE AFETAM A VIDA DA FERRAMENTA,CONSUMO DE POTÊNCIA E ACABAMENTO SUPERFICIAL.ECO-NOMIA DA USINAGEM. USIANGEM POR ELETROEROSÃO, POR PROCESSOS ELETRO-QUÍMICOS."
ENM0131,DESENHO MECANICO ASSISTIDO POR COMPUTADOR 1 - 90h,"Objetivos da Disciplina: A disciplina objetiva o desenvolvimento de competências, habilidades e atitudes na leitura, interpretação e execução de desenhos técnicos segundo as normas brasileiras. Ao final do curso, o aluno terá desenvolvimendo suas competências (conhecimentos) e habilidades na utilização da Geometria Descritiva para leitura e execuçaão de desenhos técnicos sendo capaz de utilizar os métodos descritivos da geometria, o sistema de cortes e fazendo uso de visrtas auxiliares. Espera-se também que o mesmo seja capaz de aplicar as normas de desenho técnicos brasileiras para a representação e cotagem de elementos de máquinas comuns à Engenharia Mecânica, bem como para a confecção de desenhos arquitetônicos, elétricos e hidráulicos simples. Objetiva-se também que o aluno desenvolva suas habilidades na execução de desenhos a mão-livre e usando o computador como ferramenta de desenho. Espera-se, ainda, que o aluno desenvolva uma atitude profissional condizente com sua futura atuação como engenheiro na atuação como engenheiro na realização de trabalhos técnicos e no cumprimento de suas responsabilidade."
ENM0132,DESENHO MECANICO ASSISTIDO POR COMPUTADOR 2 - 60h,"Leitura e interpretação de desenhos; Desenho de conjunto, subconjunto e detalhes de uma montagem; Lista de materiais; Adequação de peças e conversão de para condição de mercado; Colocação de tolerâncias em desenhos técnicos; Desenho isométrico; Geração de sólidos com auxílio de programas de desenho assistido por computador - modelamento sólido em 3D."
ENM0134,SISTEMAS INTEGRADOS DE MANUFATURA - 60h,"A VISÃO INTEGRADA DA AUTOMAÇÃO INDUSTRIAL.### OS DIFERENTES SUB-SISTEMAS DO CIM: GESTÃO HIERARQUIZADA, CO-MUNICAÇÃO, INTERFASES E SUB-SISTEMA FÍSICO.### O SUB-SISTEMA FÍSICO: CARACTERIZAÇÃO DE COMPONENTES, EQUIPAMENTOS DE TRANSPORTES E MANUSEIO.### O SISTEMA TRANSPORTE COMO ELEMENTOS DE INTEGRAÇÃO.### CÉLULAS E SISTEMAS FLEXÍVEIS DE MANUFATURA: SUA SITUAÇÃO NO CIM, DIFERENTES CONFIGURAÇÕES (lay-out, sist. de transporte, filosofia de opera-ção).### CONTROLE DE FMS's: O NÍVEL DE SUPERVISÃO/MONITORAÇÃO(MÉTO-DOS E FERRAMENTAS).### A AUTOMATIZAÇÃO INTEGRADA DOS SISTEMAS DE MANUFATURA: MÉTO-DOS E FERRAMENTAS."
ENM0140,MECANICA DOS FLUIDOS 1 - 75h,Noções fundamentais. Tensão em um ponto. Estática dos Fluidos. Fundamentos da análise de escoamentos. Escoamento viscoso incompressível. Análise dimensional e semelhança. Leis básicas para sistemas e volume de controle.
ENM0145,METROLOGIA - 60h,"CONCEITOS FUNDAMENTAIS DE METROLOGIA/INSTRUMENTACAO TOLERANCIA E AJUSTES CONTROLE DIMENSIONAL TOLERANCIA GEOMETRICA INSTRUMENTOS DE CONTROLE GEOMETRICO RUGOSIDADE SUPERFICIAL ATIVIDADES PRATICAS PERTINENTES A CADA ITEM ANTERIOR. Objetivos da Disciplina: Aprendizado dos princípios básicos envolvidos na realização das medições, como o controle dimensional e geométrico, o princípio de funcionamento e a seleção dos instrumentos para a medição de distâncias, de ângulos e de irregularidades microgeométricas das superfícies das peças mecânicas."
ENM0146,TECNOLOGIA MECANICA 1 - 60h,"PROCESSOS DE FABRICACAO COM REMOCAO DE MATERIAL. FUNCIONAMENTIO E OPERACOES DAS MAQUINAS FERRAMENTAS. FATORES QUE AFETAM A VIDA DA FERRAMENTA, CONSUMO DE POTENCIA E ACABAMENTO SUPERFICIAL. ECONOMIA DA USINAGEM. USINAGEM POR ELETRO-EROSAO, POR PROCESSOS ELETRO-QUIMICA. LUBRIFICACAO E LUBRIFICANTES."
ENM0163,MECANICA GERAL - 90h,"01. INTRODUCAO: CONSIDERACOES SOBRE O DOMINIO DA MECANICA E A MODE-LAGEM DE UM SISTEMA MECANICO. 02. ESTATICA: CONCEITO DE EQUILIBRIO DE FORCAS E MOMENTO E DE DIA-GRAMA DE CORPO LIVRE. 03. FORCAS DE CAMPO, CENTROIDE, CENTRO DE GRAVIDADE E CENTRO DE MAS-SA. 04. ANALISE DE ESTRUTURA: TRELICAS E VIGAS. 05. FORCAS EM VIGAS E CABOS/DIAGRAMA DE ESFORCOS 06. METODO DOS TRABALHOS VIRTUAIS 07. CINEMATICA DAS PARTICULAS 08. CINETICA DAS PARTICULAS 09. CINETICA DOS SISTEMAS DE PARTICULAS 10. CINEMATICA DO CORPO RIGIDO 11. CINETICA DO CORPO RIGIDO"
ENM0164,MECANICA DOS MATERIAIS 1 - 60h,Introdução a elasticidade; Deformações; Forças de campo e de contato; Tensor tensão de Cauchy; Tensões principais; Torção de barras de seção circular; Flexão de vigas; Critérios de resistência para estados gerais de tensões; Aplicações experimentais e computacionais.
ENM0165,MECANICA DOS MATERIAIS 2 - 60h,Introdução a plasticidade; métodos de energia; concentração de tensões introdução a mecânica da fratura linear elástica; fadiga de materiais; flambagem; aplicações experimentais e computacionais.
ENM0174,SISTEMAS ENERGETICOS - 60h,"Introduzir para o aluno os conceitos básicos sobre energia, dentro de uma visão sistêmica e multidisciplinar. As tecnologias de energia serão abordadas considerando seus aspectos ambientais, econômicos sociológicos e políticos, além do tecnológico.Pretende-se passar ao aluno uma visão clara e abrangente do Setor Energia e de suas interfaces com a Engenharia Mecânica e demais áreas do conhecimento."
ENM0176,INTRODUÇÃO A ECOLOGIA INDUSTRIAL - 60h,
ENM0187,PROCESSO DE DESENVOLVIMENTO DE PRODUTO - 60h,"Introduzir conceitos básicos sobre gestão e desenvolvimento de produto e aplicá-los no desenvolvimento de um produto/protótipo a ser definido, que será projetado e fabricado através de técnicas associadas à prototipagem rápida, com o uso de impressora 3D e ambientes de prototipação baseados em softwares."
ENM0190,DESENHO MECÂNICO PARA ENGENHARIA - 60h,"Conceitos básicos do desenho técnico, entendido como meio de comunicação na cadeia produtiva da engenharia. Introdução às normas técnicas de representação gráfica e convenções para tornar a comunicação mais eficiente. Desenvolvimento do raciocínio espacial e da capacidade de representação gráfica. Noções de desenho geométrico, mecânico e arquitetônico. Importância do uso do computador para desenho e projeto (CADD) no processo produtivo."
EPR0003,TOMADA DE DECISÃO COM ENFOQUE EM ANÁLISE MULTICRITÉRIO - 60h,
EPR0005,GESTÃO DE RISCOS - 60h,"Política Econômica: Impacto das políticas fiscais, monetárias e cambiais na Economia e nas empresas. A LRF e LDO. Certeza, Risco e Incerteza. O Risco das decisões governamentais e seu impacto nas instituições públicas e privadas. Revisão de Estatística como ferramenta na Gestão de Riscos. Definição de Risco: História do Risco e suas consequências Risco e Gestão de Riscos. Risco Financeiro: Risco e Regulação Bancária, Acordo da Basiléia Risco de Crédito, Mercado e Liquidez e Risco Operacional VaR - Value at Risk Utilização do CAPM e APT, Modelos de Regressão Linear e Análise de Eventos. Avaliação de Risco de Projetos: Análise de Sensibilidade e Opções Reais. Análises de cenários, árvores de decisão e Simulação. Gestão de Risco, Tomada de decisão sob risco. Mitigação Ferramentas: Conceitos de Análise Multivariada (Regressão, ANOVA, Componentes Principais, Fatorial e Cluster) Análise Multicritério Conceitos de Análise Envoltória de Dados - DEA."
EPR0014,CONTROLE ESTATÍSTICO DE PROCESSOS - 60h,Melhoria da qualidade no contexto da empresa moderna. Fundamentos do Controle Estatístico de Processos Distribuições de probabilidade discretas e contínuas. Estimação de parâmetros e testes de hipóteses. Gráficos de controle para variáveis e para atributos. Avaliação de Sistemas de Medição. Análise da Capacidade dos Processos. Análises Multivariadas aplicadas em Qualidade.
EPR0016,CUSTOS EM SISTEMAS DE PRODUÇÃO - 60h,
EPR0017,DINÂMICA DE SISTEMAS EM ORGANIZAÇÕES - 60h,
EPR0018,GESTÃO DE RISCOS EM ORGANIZAÇÃO - 60h,
EPR0019,MERCADOLOGIA ESTRATÉGICA - 60h,
EPR0020,PESQUISA OPERACIONAL EM ENGENHARIA 2 - 60h,
EPR0021,SEMINÁRIO EM ENGENHARIA DE PRODUÇÃO - 60h,
EPR0022,SISTEMAS DE SUPORTE À DECISÃO - 60h,
EPR0023,TÓPICOS ESPECIAIS EM GESTÃO DA PRODUÇÃO - 60h,Evolução de modelos e sistemas de produção. Estratégia de produção. Gestão de processos. Produção enxuta. Ferramentas da produção enxuta. Coleta Programada de Peças. Mapa de Fluxo de Valor. Troca Rápida de Ferramentas. Integração Vertical e Keiretsu. Seis Sigma e implantação da manufatura enxuta
EPR0024,TÓPICOS ESPECIAIS EM GESTÃO DA INOVAÇÃO - 60h,
EPR0025,TÓPICOS ESPECIAIS EM ENGENHARIA DO TRABALHO E ERGONOMIA - 60h,
EPR0026,TÓPICOS ESPECIAIS EM ENGENHARIA DO PRODUTO - 60h,
EPR0027,TÓPICOS ESPECIAIS EM PESQUISA OPERACIONAL - 60h,
EPR0028,TÓPICOS ESPECIAIS EM PESQUISA ORGANIZACIONAL - 60h,
EPR0029,TÓPICOS ESPECIAIS EM LOGÍSTICA - 60h,
EPR0032,TÓPICOS ESPECIAIS EM GESTÃO SUSTENTÁVEL - 30h,
EPR0034,SISTEMAS COLABORATIVOS - 30h,
EPR0035,INOVAÇÃO EM SISTEMAS DE PRODUÇÃO - 60h,
EPR0036,FINANÇAS COMPORTAMENTAIS E PESSOAIS - 30h,
EPR0037,SISTEMA DE PRODUÇÃO ENXUTA - 60h,
EPR0038,GERENCIAMENTO DE PROJETOS COMPLEXOS - 30h,
EPR0039,PLANEJAMENTO E CONTROLE DE SERVIÇOS - 30h,
EPR0040,ERGONOMIA EM SISTEMAS PRODUTIVOS - 30h,
EPR0041,CUSTEIO DE BENS E SERVIÇOS - 30h,"História e conceitos básicos de custos. O processo e os custos de produção. Conceitos relevantes. Classificações de Custos (Custos Fixos x Variáveis, Custos Diretos x Indiretos). Níveis de agregação dos custos. Métodos e técnicas de custeio (Método dos centros de custos, Custeio baseado em atividades, Custeio por Absorção x Custeio Variável). Custo de produtos conjuntos. Análise custo-volume-lucro. Custo e preço. Depreciação. Demonstrações financeiras. Contabilidade básica. Análise das demonstrações contábeis. Demonstração do Resultado do Exercício - DRE."
EPR0043,ENGENHARIA DE PRODUTOS FINANCEIROS - 30h,
EPR0044,DESENVOLVIMENTO DE SERVIÇOS - 30h,
EPR0047,GERENCIAMENTO DA CADEIA DE SUPRIMENTO - 60h,
EPR0048,INTRODUÇÃO A METODOLOGIA DE PESQUISA PARA ENGENHARIA DE PRODUÇÃO - 30h,
EPR0049,PROJETO DE FABRICA E LAYOUT - 30h,
EPR0050,PROJETO DE SISTEMAS DE PRODUÇÃO 8 - 30h,Trabalho em equipe com o objetivo de desenvolver soluções integradas via projetos vinculados a disciplinas obrigatórias ou optativas avançadas do Curso de Graduação de Engenharia de Produção.
EPR0051,GESTÃO DE PROJETOS AVANÇADOS - 30h,
EPR0052,SISTEMA DE PRODUÇÃO AGROALIMENTAR - 60h,
EPR0053,TÓPICOS ESPECIAIS EM SIMULAÇÃO EMPRESARIAL - 90h,
EPR0055,TÓPICOS ESPECIAIS EM ENGENHARIA DE OPERAÇÕES - 60h,
EPR0057,INTRODUÇÃO À ENGENHARIA DE PRODUÇÃO E À QUALIDADE - 60h,A função da produção. Ciclo de Vida. Dinâmica de funcionamento empresarial. Logística empresarial. Métodos de prevensão. Estoques e produção. MRP e CAM.Conceito de Qualidade Total. Normas ISO. Controle de Qualidade.
EPR0067,TÓPICOS ESPECIAIS EM ENGENHARIA ECONÔMICA - 30h,Disciplina com ementa variável com conteúdos definidos em resposta a necessidades gerais ou pontuais de aprofundamento em temas específicos de engenharia econômica.
EPR0068,ORGANIZAÇÃO INDUSTRIAL - 60h,Maturidade e valor em sistemas de produção. Estratégia de produção. Modelos de produção. Gestão da cadeia de suprimento. Custos e formação de preços. Engenharia econômica. Gestão da qualidade. Gestão de projetos. Planejamento e controle da produção.
EPR0070,TÓPICOS ESPECIAIS EM GESTÃO DA QUALIDADE - 60h,Disciplina com ementa variável com conteúdos definidos em resposta a necessidades gerais ou pontuais de aprofundamento em temas específicos de engenharia da qualidade.
EPR0074,PROJETO DE SISTEMAS DE PRODUÇÃO 3 - 30h,Trabalho em equipe com o objetivo de desenvolver soluções integradas via projetos vinculados a disciplinas obrigatórias ou optativas do Curso de Graduação de Engenharia de Produção.
EPR0075,"CONFIABILIDADE, MANUTENIBILIDADE E DISPONIBILIDADE - 60h",Curvas de Confiabilidade Taxas de falha tempo médio entre falhas tempo médio até a falha testes de confiabilidade estimativa e avaliação da confiabilidade de processos e equipamentos análise e tratamento da confiabilidade de sistemas. Disponibilidade de equipamentos. Análise e tratamento da confiabilidade de sistemas. Gestão da manutenção Elaboração de planos de manutenção custos de manutenção funções da manutenção industrial organizações típicas de manutenção industrial.
EST0027,BIOESTATÍSTICA - 60h,ESTATISTICA DESCRITIVA. NOCOES DE PROBABILIDADE. PRINCIPAIS MODELOS DISCRETOS E CONTINUOS. AJUSTAMENTO DE MODELOS PROBABILISTICOS. NOCOES DE AMOSTRAGEM E ESTIMACAO. NOCOES DE TESTES DE HIPOTESES. ANALISE DE VARIANCIA: CLASSIFICACAO SIMPLES. CORRELACAO E REGRESSAO LINEAR. NOCOES SOBRE EXPERIMENTOS E LEVANTAMENTOS.
FDD0004,INSTITUIÇÕES DE DIREITO PÚBLICO E PRIVADO - 60h,"Estudo de normas e princípios fundamentais do Direito Público e do Direito Privado, com especial enfoque dogmático-panorâmico dos diversos ramos do direito positivo brasileiro. O problema da interpretação: norma e ordenamento jurídico. Fontes do direito. O Estado e o Direito Constitucional : direitos e garantias fundamentais. Organização do Estado e dos poderes."
FGA0133,ENGENHARIA ECONÔMICA - 60h,"O ambiente econômico. Relações preço-demanda e custo-volume. Lei da oferta e da procura. Diagrama de break-even. Relações entre juros e pagamentos. Valor e depreciação. Pay back. Engenharia financeira. Elementos de custo de um projeto. Métodos de análise de projetos: taxa mínima de atratividade, valor presente líquido. Engenharia do valor, Eficiência físico-econômica e processos de Engenharia. Risco, incerteza e sensibilidade. A questão ambiental. Principais determinantes socioeconômicos e tecnológicos da demanda de energia nos setores consumidores. Desagregação da demanda de energia por usos finais. Métodos de análise do consumo de energia. Análise econômica de produção e geração de energia."
FGA0152,ERGONOMIA DO PRODUTO - 60h,"Antropometria e dimensionamento do posto de trabalho Biomecânica, aspectos da postura e movimentos do corpo, esforço físico Aspectos sensoriais e cognição, concepção de dispositivos de informação Fatores ambientais no trabalho e o espaço de trabalho Projeto com ênfase em Conforto Ergonomia e Design de produtos Package Automotivo e Normas Técnicas Living Space (adequação dos espaços de interior) Concepção de assentos Concepção de dispositivos de informação aplicados aos veículos automotores Concepção de dispositivos de comando Concepção de interior de um veículo Aspectos visuais na condução de veículos automotores Validação de projeto de interior ? CAD 3D e mock up experimental."
FGA0154,MECANICA DOS SÓLIDOS 1 PARA ENGENHARIA - 60h,Equilíbrio dos corpos rígidos Análise estrutural Tensões e deformações Deformação por esforço axial Geometria das massas.
FGA0155,INTRODUÇÃO AO DESIGN E CONCEPÇÃO DE VEÍCULOS - 60h,"1-Introdução ao Curso 2-Técnicas de desenho e ilustração- Sketches manuais e digitais 3-História do Design Automotivo-Evolução Tecnológica, Economia e Sociedade 3- Ergonomia do Produto-Introdução à Ergonomia/Projeto de ""Hard Points"" e função dos sistemas/Conforto e Segurança 4- Design de Interiores-Relação com o usuário final/Materiais (Color &Trim)/Tendências de Mercado5- Mock-Up Eletrônico-Modelagem de um produto/Integração de sistemas/Apresentação final de produto 6-Laboratório da Forma."
FGA0168,DESENHO INDUSTRIAL ASSISTIDO POR COMPUTADOR - 90h,"Desenvolvimento de produto QFD 2- Introdução ao CAD 3- Normatização em desenho técnico 4- Modelagem básica - edição, alteração, configuração, montagem e manipulação de bibliotecas 5- Projeções ortogonais 6- Vistas em corte e auxiliares 7- Desenho perspectiva 8- Cotagem e escalas 9- Transformações, translações, rotação e reflexão 10- Integração de sistemas (CAD/CAE/CAM)."
FGA0184,GESTÃO DA PRODUÇÃO E QUALIDADE - 60h,"Aspectos introdutórios no estudo da gestão da produção e da qualidade de produtos e serviços Papel estratégico e objetivos de desempenho da produção Planejamento e controle da produção Controle e melhoria da produção Gestão, Sistemas e Normalização da Qualidade"
FGA0195,GESTÃO DA PRODUÇÃO AUTOMOTIVA - 60h,"1. O setor automotivo no Brasil e no mundo. 2. O ciclo de vida do automóvel e seus componentes: da concepção à produção e à remanufatura, reciclagem ou descarte. 3. Gestão do processo de desenvolvimento de produto. 4. Gestão de operações: foco na logística interna. 5. Gestão de operações: foco na cadeia de suprimentos. 6. Tecnologias de informação associadas ao gerenciamento do projeto e produção de veículos ao longo da cadeia automotiva."
FGA0204,DINÂMICA DOS FLUÍDOS - 75h,Hipótese de meio contínuo e cinemática dos fluidosLeis básicas do escoamento de fluidosEscoamento de fluidos viscososTeoria da camada limiteIntrodução à turbulência em fluidos.Introdução ao Escoamento Compressível.
FTD0007,INTRODUCAO A ATIVIDADE EMPRESARIAL - 60h,"Introdução à Atividade Empresarial tem como objetivo desenvolver competências básicas e emergentes na área de inovação tecnológica, do empreendedorismo e promover o autodesenvolvimento de futuros empreendedores nas 4 temáticas a seguir: Competências EmpreendedorasEmenta: O comportamento empreendedor e as competências empreendedoras: determinantes e atributos. Cultura e valores. Criatividade. Liderança e gestão. Desenvolvimento e gestão de equipes. Mudança e adaptabilidade.Plano de NegócioEmenta: Conceito, estrutura, etapas de elaboração e modelo. Processo de administração e processo empreendedor. Planejamento empresarial. Oportunidades negociais no contexto empreendedor.MarketingEmenta: Conceito e importância para o sucesso do empreendimento. Estratégia de marketing, vantagem competitiva e o composto de marketing. Plano de marketing no contexto do Plano de Negócio.Gestão FinanceiraEmenta: Fundamentos e conceitos básicos de Finanças aplicados a uma abordagem funcional das demonstrações financeiras, visando (1) à elaboração do Planejamento Financeiro do Plano de Negócios, abrangendo os ""Investimentos Iniciais"" (com definição de suas fontes - recursos próprios e financiamento - para a implantação do negócio), o ""Demonstrativo de Resultados Projetado"" e o ""Fluxo de Caixa"" e (2) à assimilação de noções de Administração do Capital de Giro e do Disponível, de apuração de Custos de Produção, de apuração e análise de Indicadores Financeiros e do enfoque Microeconômico de Oferta e Demanda."
FUP0369,GESTÃO DA CADEIA DE SUPRIMENTOS - 60h,"Conceito de Supply Chain, Linhas Teóricas de Estudo, Integração Logística nas Cadeias do agronegócio, Suprimento de Insumos à Agroindústria, Distribuição de Produtos Acabados, Depósitos, Armazéns e Centros de Distribuição no Agronegócio: dimensionamento, localização e administração, Uso da multimodalidade na distribuição de produtos da agroindústria."
GPP0033,PLANEJAMENTO GOVERNAMENTAL - 60h,"Analisar a função Planejamento no contexto da administração pública brasileira enfocando sua origem e evolução. Condicionantes de natureza politica no processo de planejamento. Exame da experiencia brasileira de Planejamento. Tipos, métodos e técnicas de Planejamento Governamental"
GPP0034,ADMINISTRAÇÃO DE SERVIÇOS NO SETOR PÚBLICO - 60h,"A atividade prestacional do Estado incluídas nas administrações direta, indireta e nas concessões e permissões de serviços públicos. Direitos e acesso ao serviço público. Organização, estruturas e administração de serviços. Contratação de serviços públicos. Agencias Reguladoras e marcos regulatórios. Privatização, qualidade e accountability na prestação de serviços públicos. Internet na prestação de serviços públicos. Cidadania, inclusão e prestação de serviços públicos. Estudo de casos nos âmbitos federal, distrital/estadual e municipal."
GPP0037,FUNDAMENTOS DA ADMINISTRAÇÃO PÚBLICA - 60h,Principais abordagens teóricas acerca da Administração Pública. Reforma do Estado e modernização do setor público. Evolução histórica da Administração Pública no país. Planejamento na administração Pública. Ética. Tendências contemporâneas no Brasil e no mundo.
ICB0250,DESENVOLVIMENTO EMBRIONÁRIO E EVOLUÇÃO EM ANIMAIS E VEGETAIS 1 - 75h,
ICB0251,DESENVOLVIMENTO EMBRIONÁRIO E EVOLUÇÃO EM ANIMAIS E VEGETAIS 2 - 75h,
IFD0072,ELETRICIDADE MAGNETISMO - 120h,"01) A LEI DE COULOMB 02) O CAMPO ELETRICO - ELI DE GAUSS 03) POTENCIAL, CAPACITANCIA, PROP. DOS DIELETRICOS. 04) CORRENTE, RESISTENCIA E FEM. 05) CIRCUITOS E INSTRUMENTOS DE CC. 06) O CAMPO MAGNETICO 07) FORCAS MAGNETICAS SOBRE CONDUTORES DE CORRENTES 08) CAMPO MAGNETICO DE UMA CORRENTE 09) FEM. INDUZIDA 10) CORRENTES ALTERNADAS"
IFD0098,FISICA QUANTICA - 90h,ESTUDO DOS PROBLEMAS QUE LEVARAM AO ABANDONO DA FISICA CLASSICA E A INTRODUCAO DOS PRINCIPIOS DA QUANTIZACAO. CONCEPCAO ATOMICA DA MATERIA TEORIA CINETICA DOS GASES. MODELOS ATOMICOS. INTRODUCAO A MECANICA QUANTICA.
IFD0115,ESTADO SOLIDO - 90h,ESTRUTURA CRISTALINA. DIFRACAO EM CRISTAIS. REDE RECIPROCA CALOR ESPECIFICO. FONONS. GAS DE FERMI. BANDAS DE ENERGIA. PROPRIEDADES TERMICAS DE ISOLANTES E CONDUTORES. CRISTAIS SEMI-CONDUTORES.
IFD0181,FISICA 3 EXPERIMENTAL - 60h,"FUNDAMENTOS TEÓRICOS USO DE MEDIDORES ELÉTRICOS E FONTES RESISTÊNCIA ELÉTRICA OHMICA E NÃO OHMICA FONTE DE TENSÃO FEM E RESISTÊNCIA INTERNA PONTE DE WHEATSTONE MEDIDAS DE RESISTÊNCIAS, SUPERFÍCIES EQUIPOTENCIAIS E LINHAS DE CAMPO DEFLEXÃO ELETROMAGNÉTICA DE ELÉTRONS CAPACITORES SOB CORRENTES CC FORÇA MAGNÉTICA SOBRE SEGMENTOS RETILÍNEOS DE CORRENTES AS BOBUNAS DE HELMHOLTZ E A RAZÃO e/m PARA O ELÉTRON CIRCUITOS COM CORRENTES ALTERNADAS RESSONÂNCIA NO CIRCUITO RLC SÉRIE TRANSFORMADORES E CIRCUITOS RETIFICADORES."
IFD0183,FISICA 4 - 60h,NATUREZA E PROPAGACAO DA LUZ. ESPECTRO ELETROMAGNETICO. REFLEXAO. REFRACAO. INTERFERENCIA. DIFRACAO. REDES DE DIFRACAO E ESPECTROS. POLARIZACAO. INTRODUCAO A FISICA QUANTICA. ONDAS E PARTICULAS.
IFD0185,FISICA 4 EXPERIMENTAL - 60h,
IFD0210,FISICA GERAL 1 - 90h,
IFD0217,FISICA GERAL 2 - 90h,EQUILÍBRIO E ELASTICIDADE.OSCILAÇÕES E RESSONÂNCIA.GRACITAÇÃO. ME-CÂNICA DE FLUIDOS. MOVIMENTO ONDULATÓRIO. TERMODINÂMICA: CALOR ETEMPERATURA LEIS DA TERMODINÂMICA TEORIA CINÉTICA DOS GASES.
IFD0299,FISICA 1 PARA QUIMICA - 60h,
IFD0302,FISICA 1 EXPERIMENTAL PARA QUIMICA - 30h,MEDIDAS E ERROS. ANALISE GRAFICA. MOVIMENTO NO PLANO INCLINADO. PRIN-CIPIO DE ARQUIMEDES. VISCOSIMETRO. CUBA DE ONDAS.
IGD0021,GEOLOGIA GERAL - 90h,"Origem e evolução do Universo. Estrutura e composição da Terra. Tectônica
de placas. Ciclo das rochas. Minerais. Rochas ígneas. Processos e ambientes
sedimentares. Rochas sedimentares. Rochas metamórficas. Geologia estrutural.
Noções de estratigrafia e escala do tempo geológico. Noções de cartografia. A
evolução das paisagens. Ciclo da água. Recursos minerais e energéticos.
Geodiversidade."
IGD0043,TOPOGRAFIA FOTOGRAMETRIA - 90h,
IGD0173,GEOLOGIA BÁSICA - 60h,Módulos 1: Estrutura interna da Terra 2: Tectônica de placas 3: Minerais 4: Introdução a petrologia 5: Rochas ígneas 6: Vulcanismo 7: Intemperismo e erosão 8: Sedimentos e rochas sedimentares 9: Rochas metamórficas 10: Tempo geológico 11: Deformações em rochas 12: Dispersão de massa 13: Água subterrânea 14: Ação geológica em rios 15: Ação eólica 16: Ação geológica do gelo 17: Ambientes marinhos 18: Iteração da tectônica e do clima no relevo 19: Terremotos 20: Evolução geológica dos continentes 21: Explorando o interior da Terra 22: Energia e recursos minerais 23: Meio ambiente e mudanças globais.
IGD0183,TOPOGRAFIA - 60h,"Conceitos sobre Topografia. Aplicação da Norma da ABNT,NBR 13.133/94 (Execução de levantamento topográfico). Noções básicas de Cartografia. Planimetria. Utilização e manuseio de instrumentos topográficos. Unidades topográficas. Ângulos topográficos. Orientação magnética e verdadeira. Declinação magnética. Teoria e prática dos métodos de levantamento topográfico. Planta topográfica. Altimetria. Métodos de nivelamento. Topologia. Desenho de perfil topográfico e interpretação sobre curvas de nível.Noções básicas de Geodésia. Sistemas de Navegação Global por Satélites (GNSS)."
IQD0003,INTRODUÇÃO À COMPUTAÇÃO APLICADA AOS PROCESSOS QUÍMICOS - 60h,"Linguagens e ambientes de Programação - Características gerais da construção de algoritmos e estrutura de dados. Aplicação de programação em problemas envolvendo balanços materiais, de movimento e de energia. Desenvolvimento de programas computacionais para resolução problemas em diferentes graus de complexibilidade. Fundamentos de programação e uso de software computacional."
IQD0005,TRANSFERÊNCIA DE QUANTIDADE DE MOVIMENTO - 60h,Introdução e definição de conceitos fundamentais Estática dos FluidosEquações de balanço na forma integral e diferencial Escoamento defluido ideal incompressível Análise dimensional e semelhançaEscoamento de fluidos em dutos Fluidos Não-Newtonianos Teoriada Camada Limite Escoamento Turbulento Escoamento de fluidoscompressíveis
IQD0009,OPERAÇÕES UNITÁRIAS DA ENGENHARIA QUÍMICA 1 - 60h,"Transporte de fluidos por bombas, compressores e ventiladores. Propriedades de partículas sólidas. Redução de tamanho de sólidos e classificação. Transporte de sólidos. Sistemas sólido-fluido: caracterização e dinâmica de partículas.. Agitação e mistura. Escoamento em meio porosos. Filtração. Tecnologia de membranas. Sedimentação e Centrifugação."
IQD0010,TRANSFERÊNCIA DE MASSA - 60h,Transferência de massa por difusão. Transferência de massa por convecção. Equações de transferência de massa. Difusão em estado estacionário com e sem reação química. Difusão em regime transiente. Convecção Mássica. Correlações para o cálculo dos coeficientes de transferência de massa.
IQD0011,OPERAÇÕES UNITÁRIAS DA ENGENHARIA QUÍMICA 2 - 60h,"A disciplina Operacoes Unitarias II engloba as operacoes basicas ondeintervem processos de transferencia de calor, entre as que destacam aevaporacao, cristalizacao, secagem de solidos e umidificacao. Levandoem consideracao estas premissas, os objetivos basicos da disciplinaserao:- Conhecer os equipamentos basicos usados para a transmissao decalor (trocadores de calor e fornos), junto com os fundamentos queregem seu desenho.- Conhecer e compreender os fundamentos basicos e as equacoes dedesenho das operacoes basicas baseadas na transferencia de calore de materia simultaneas.- Aplicar a metodologia de calculo necessaria para o desenho dosequipamentos usados em tais operacoes."
IQD0012,OPERAÇÕES UNITÁRIAS DA ENGENHARIA QUÍMICA 3 - 60h,"1. Elementos relacionados com a representação e interpretação de diagramas de fases2. Métodos de separação física em sistemas multicomponente: destilação e extração3. Conceitos de prato teórico, prato real e estágio de equilíbrio4. Principais métodos gráficos de representação de operações multiestágios5. Operações multiestágios contínuas e descontínuas: destilação e extração6. Operações multiestágios concorrentes e em contracorrente."
IQD0014,LABORATÓRIO DE ENGENHARIA QUÍMICA 1 - 30h,"Desenvolver experimentos relacionados às operações unitárias de cominuição e granulometria, leito fluidizado, elutriação, filtração, classificação por ciclones, e de bombeamento de líquidos com bombas centrífugas."
IQD0015,PROJETO DE ENGENHARIA QUÍMICA 1 - 30h,"Discussão de aspectos fundamentais ao projeto de processos daindústria química com ênfase na implantação, planejamento,simbologia, layout e tipos de fluxogramas comuns às plantasindustriais. Metodologias empregadas para a avaliação,planejamento e implementação de projetos.Estudo econômico de processos químicos e identificação dasprincipais variáveis, parâmetros e equações de projeto visandocom foco na otimização do processo. Balanços de massa e energiadas correntes de processo e integração energética.Seleção e especificação de equipamentos industriais e uso desimuladores para avaliação do projeto de processos.Definição de um processo químico específico (estudo de caso) eestudo preliminar do processo com ênfase na elaboração, análisedo processo."
IQD0032,CINÉTICA QUÍMICA - 30h,"1. Fundamentar os conceitos de extensão de reação, taxa de conversão, ordem de reação 2. Deduzir as leis e constantes de velocidade (taxa) de reação 3. Estudar os métodos para determinação das equações de velocidade 4. Estudar o efeito da temperatura sobre as taxas de reação 5. Estudar mecanismos de reações particulares (reações enzimáticas, polimerização, catálise) 6. Estudar as teorias de cinética de reações (Energia de ativação. Teoria das colisões e do complexo ativado. Teoria do estado de transição. Entropia e energia livre de ativação)."
IQD0046,TERMODINÂMICA APLICADA - 30h,"Modelagem Termodinâmicas de Sistemas Multicomponentes Não Ideais. Fugacidade. Equações de estado do virial e empíricas (Van der Waals, Redlich-Kwong, Soave Redlich-Kwong, Peng Robinson). Regra de Mistura. Equilíbrio de Fases de Sistemas multicomponentes: Equilíbrio Líquido-Vapor (abordagem gama-phi e phi-phi). Equilíbrio Líquido-Líquido."
IQD0048,ENGENHARIA DE REATORES QUÍMICOS - 60h,"Elementos de cinética química. Ordem de reação e molecularidade. Estequiometria e taxa de reação. Constante cinética. Efeitos de pressão, temperatura e concentração para a taxa de reação. Balanço material e balanço global e específico. Balanço de energia. Cinética de reações não-elementares: reações enzimáticas, biorreatores, polimerização. Reatores ideais: tanque agitado contínuo, tanque agitado descontínuo, reator de fluxo empistonado: conceito e exemplos. Conceitos de tempo espacial, tempo de residência e velocidade espacial. Arranjos de reatores em série e em paralelo. Reciclo. Otimização de arranjos de reatores. Métodos de determinação da taxa de reação: método diferencial, método integral, método da taxa inicial, método de excesso. Balanço energético."
IQD0058,FUNDAMENTOS DE QUÍMICA - 90h,Abordagem conceitual dos princípios fundamentais da Química e suas aplicações. Interface da Química com outras áreas do conhecimento.
IQD0061,LABORATÓRIO DE QUÍMICA FUNDAMENTAL - 60h,Introdução ao trabalho em laboratório de química. Noções de segurança. O método científico e elaboração de relatórios científicos. Observação e interpretação de fenômenos químicos através da realização de experimentos simples. Aplicação de conceitos fundamentais de química em experimentos representativos. Execução de experimentos que correlacionem o aspecto conceitual à vida cotidiana de uma maneira estimulante.
IQD0101,TERMODINÂMICA QUÍMICA - 60h,"Estudo do comportamento P,V,T da matéria nos estados gás, líquido e sólido. Calor e trabalho. Primeira lei da termodinâmica. Entalpia e energética das reações químicas. Máquinas térmicas e o surgimento da segunda lei. Entropia. A terceira lei. Espontaneidade e energia livre."
IQD0103,EQUILÍBRIO E CINÉTICA QUÍMICA - 60h,Substâncias puras e equilíbrio de fases. Solução ideal e propriedades coligativas. Solução diluida ideal. Misturas binárias. Equilíbrio em sistemas não ideais. Equilíbrio eletroquímico.Cinética Química. Leis empíricas e mecanismos. Teoria da colisões e do complexo ativado.
IQD0153,QUÍMICA GERAL E INORGÂNICA - 90h,RECAO QUIMICAS - TERMOQUIMICA - EQUILIRIO QUIMICO - ESTRUTURA ATOMICA - LIGACOES QUIMICAS - ACIDOS E BASES - OXIDACAO E REDUCAO - QUIMICA DESCRITIVA DOS PRINCIPAIS ELEMENTOS REPRESENTATIVOS E DE TRANSICAO
IQD0259,PRINCÍPIOS DE EQUILÍBRIOS QUÍMICOS - 30h,"Conceito geral do equilíbrio químico em meio aquoso, Lei da Ação das Massas, constante de equilíbrio princípio de Le Chatelier fatores que afetam o equilíbrio, aspectos termodinâmicos e cinéticos envolvendo reações químicas simples, solubilidade e sais pouco solúveis, teorias ácido-base e conceitos básicos de eletroquímica."
IQD0262,ESTRUTURA ATÔMICA E LIGAÇÕES QUÍMICAS - 30h,"Abordagem fundamental dos princípios evolutivos da Estrutura Atômica ea Lei Periódica: Modelos Atômicos até a Mecânica Quântica. A ligaçãoquímica: estruturas, modelos e teorias de ligação."
IQD0263,PRINCÍPIOS DA TERMODINÂMICA E CINÉTICA QUÍMICA - 30h,Abordagem conceitual dos princípios fundamentais da Termodinâmica Química e da Cinética Química e suas aplicações. Interface da Termodinâmica Química e da Cinética Química com outras áreas do conhecimento.
IQD0296,FUNDAMENTOS DE FÍSICO-QUÍMICA - 60h,"Estudo do comportamento p,V,T da matéria nos estados gás, líquido e sólido. Primeiro Princípio da Termodinâmica. Energia. Calor e trabalho. Princípio de Conservação de Energia. Entalpia e energética das reações químicas. Máquinas térmicas e o surgimento do Segundo Princípio. Entropia. Espontaneidade e energia livre.Potencial químico de misturas. Substâncias puras e equilíbrio de fases. Diagramas de fases. Soluções ideais e propriedades coligativas. Soluções diluídas ideais. Misturas binárias. Equilíbrio em sistemas não ideais. Equação de Clapeyron. Equação de Clausius-Clapeyron. Regra das fases.Cinética Química. Leis empíricas e mecanismos. Teoria das colisões e do complexo ativado."
LIP0174,LÍNGUA DE SINAIS BRASILEIRA - BÁSICO - 60h,"Introdução à identidade, cultura, língua e acessibilidade em diferentes contextos da pessoa surda. Estratégias de comunicação: gestos e Língua de Sinais Brasileira (Libras). Prática de diálogos básicos em Libras, extraídos de situações cotidianas. Noções de variação linguística. Compreensão e produção de pequenos textos sinalizados, com foco nos contextos trabalhados."
MAT0031,INTRODUCAO A ALGEBRA LINEAR - 60h,Sistemas lineares e matrizes Espaços vetoriais Produto interno Transformações lineares Autovalores e autovetores Diagonalização de operadores Aplicações.
MAT0039,ALGEBRA LINEAR - 90h,O espaço R^n e o cálculo vetorial em R^2 e R^3 Corpos e Espaços vetoriais A teoria dos determinantes Aplicações lineares e matrizes Formas canônicas.
MAT0048,EQUACOES DIFERENCIAIS 1 - 60h,1. EQUACOES DIFERENCIAIS ORDINARIAS DE 1a. ORDEM. 2. EQUACOES DIFERENCIAIS ORDINARIAS LINEARES. 3. O METODO DAS SERIES DE POTENCIAS. 4. AS TRANSFORMADAS DE LAPLACE. 5. SISTEMAS LINEARES DE EQUACOES DIFERENCIAIS DE 1a. ORDEM.
MAT0053,CALCULO NUMERICO - 60h,ZEROS DE FUNCOES. ZEROS DE POLINOMIOS SISTEMAS DE EQUACOES LINEARES. INVERSAO DE MATRIZES AJUSTE DE CURVAS. INTERPOLACAO INTEGRACAO NUMERICA RESOLUCAO NUMERICA DE EQUACOES DIFERENCIAIS ORDINARIAS.
MAT0127,INTRODUÇÃO À ALGEBRA LINEAR E GEOMETRIA ANALÍTICA - 90h,
POL0004,PRÁTICA DE ENSINO EM INTRODUÇÃO À CIÊNCIA POLÍTICA - 60h,
PST0034,ERGONOMIA - 90h,"História, conceitos e características da Ergonomia. Atividade e contexto de
trabalho. Custo Humano do Trabalho: físico, afetivo, cognitivo. Principais
componentes do trabalho. Duração, ritmo e carga do trabalho. Usuários,
ambientes e instrumentos. Análise Ergonômica do Trabalho (AET)."
SOL0042,INTRODUÇÃO À SOCIOLOGIA - 60h,"O curso compreende tanto a apresentação de problemas elementares à abordagem da Sociologia quanto à contextualização institucional e histórico-social da disciplina. O propósito é iniciar o aluno na abordagem sociológica por meio da apresentação dos conceitos básicos, fundamentos, análises de problemas que sirvam para desenvolver um modo de interpretação da realidade social, necessário ao desempenho do profissional na área de ciências sociais. O objetivo é o de contribuir para que os alunos adquiram ferramentas básicas para inserir a dimensão social em suas percepções do mundo que nos cerca. Para isto, discute-se: a) a singularidade do olhar sociológico; b) os conceitos fundamentais da sociologia; c) fenômenos sociais que detém centralidade no universo das relações sociais."